序号,名称,今日涨跌幅,今日主力净流入-净额,今日主力净流入-净占比,今日超大单净流入-净额,今日超大单净流入-净占比,今日大单净流入-净额,今日大单净流入-净占比,今日中单净流入-净额,今日中单净流入-净占比,今日小单净流入-净额,今日小单净流入-净占比,今日主力净流入最大股
1,消费电子零部件及组装,-1.28,1550235392.0,2.89,1486830336.0,2.77,63405056.0,0.12,-654717440.0,-1.22,-894664960.0,-1.67,工业富联
2,消费电子,-1.28,1539114752.0,2.74,1490557696.0,2.65,48557056.0,0.09,-681987072.0,-1.21,-868750336.0,-1.55,工业富联
3,营销代理,-0.26,1020543120.0,7.09,178895136.0,1.24,841647984.0,5.85,518805504.0,3.6,-1539348656.0,-10.69,蓝色光标
4,广告营销,-0.24,1020229520.0,6.72,174127936.0,1.15,846101584.0,5.57,496565760.0,3.27,-1516795216.0,-9.99,蓝色光标
5,国有大型银行Ⅲ,1.76,1015409936.0,7.21,739471984.0,5.25,275937952.0,1.96,-540913232.0,-3.84,-474496704.0,-3.37,农业银行
6,医疗研发外包,1.78,970957584.0,5.09,827863824.0,4.34,143093760.0,0.75,-599559680.0,-3.14,-371397888.0,-1.95,药明康德
7,贵金属,0.28,913520992.0,3.61,428263776.0,1.69,485257216.0,1.92,433097216.0,1.71,-1346618112.0,-5.32,兴业银锡
8,轨交设备Ⅲ,3.82,858272112.0,9.66,724619680.0,8.16,133652432.0,1.5,-284497584.0,-3.2,-520640960.0,-5.86,中国中车
9,轨交设备Ⅱ,3.82,858272112.0,9.66,724619680.0,8.16,133652432.0,1.5,-284497584.0,-3.2,-520640960.0,-5.86,中国中车
10,纸包装,-0.7,850245168.0,18.59,990438592.0,21.66,-140193424.0,-3.07,-436281360.0,-9.54,-421613536.0,-9.22,顺灏股份
11,航天装备Ⅲ,0.91,669506512.0,4.42,319119312.0,2.11,350387200.0,2.32,-124551680.0,-0.82,-544954640.0,-3.6,中国卫星
12,航天装备Ⅱ,0.91,669506512.0,4.42,319119312.0,2.11,350387200.0,2.32,-124551680.0,-0.82,-544954640.0,-3.6,中国卫星
13,钼,-1.12,659942366.0,21.1,201422899.0,6.44,458519467.0,14.66,628544144.0,20.1,-1288486496.0,-41.2,N盛龙
14,银行Ⅱ,0.47,637628672.0,1.93,265863680.0,0.8,371764992.0,1.13,-543081984.0,-1.64,-94546944.0,-0.29,农业银行
15,银行,0.47,637628672.0,1.93,265863680.0,0.8,371764992.0,1.13,-543081984.0,-1.64,-94546944.0,-0.29,农业银行
16,医疗服务,0.39,575984672.0,2.29,636201504.0,2.53,-60216832.0,-0.24,-539226112.0,-2.14,-40676096.0,-0.16,药明康德
17,包装印刷,-1.22,555192112.0,5.68,772031520.0,7.9,-216839408.0,-2.22,-277416144.0,-2.84,-290706096.0,-2.98,顺灏股份
18,金属制品,-0.64,537275312.0,1.93,365186224.0,1.31,172089088.0,0.62,-24856832.0,-0.09,-518185984.0,-1.86,巨力索具
19,黄金,0.33,480220400.0,2.55,124879600.0,0.66,355340800.0,1.89,372443136.0,1.98,-852663552.0,-4.54,中金黄金
20,稀土,0.56,464122672.0,6.97,334651888.0,5.03,129470784.0,1.94,-196776816.0,-2.96,-267345856.0,-4.02,北方稀土
21,白银,0.08,433300496.0,6.64,303384176.0,4.65,129916320.0,1.99,60654208.0,0.93,-493954704.0,-7.56,兴业银锡
22,林业Ⅲ,2.48,392825984.0,6.83,363828976.0,6.33,28997008.0,0.5,-165406752.0,-2.88,-227419216.0,-3.95,平潭发展
23,林业Ⅱ,2.48,392825984.0,6.83,363828976.0,6.33,28997008.0,0.5,-165406752.0,-2.88,-227419216.0,-3.95,平潭发展
24,工程机械,0.63,392656992.0,3.81,231657392.0,2.24,160999600.0,1.56,-186336144.0,-1.81,-196807200.0,-1.91,三一重工
25,商用车,1.95,371838272.0,6.59,338517664.0,6.0,33320608.0,0.59,-148448592.0,-2.63,-223389664.0,-3.96,宇通客车
26,保险Ⅱ,-0.13,349195648.0,4.31,137015152.0,1.69,212180496.0,2.62,-247731344.0,-3.05,-101464336.0,-1.25,中国平安
27,保险Ⅲ,-0.13,349195648.0,4.31,137015152.0,1.69,212180496.0,2.62,-247731344.0,-3.05,-101464336.0,-1.25,中国平安
28,轻工制造,-1.21,344982336.0,1.58,705247024.0,3.22,-360264688.0,-1.65,-277525248.0,-1.27,-99641600.0,-0.46,顺灏股份
29,线缆部件及其他,-0.33,274993792.0,1.29,307041920.0,1.44,-32048128.0,-0.15,190276864.0,0.89,-487272960.0,-2.29,新能泰山
30,合成树脂,-0.97,272670048.0,6.11,340823968.0,7.63,-68153920.0,-1.53,-127797120.0,-2.86,-144872912.0,-3.25,神剑股份
31,航海装备Ⅲ,-0.83,262673120.0,3.81,71460720.0,1.04,191212400.0,2.78,33981824.0,0.49,-296654944.0,-4.31,海兰信
32,航海装备Ⅱ,-0.83,262673120.0,3.81,71460720.0,1.04,191212400.0,2.78,33981824.0,0.49,-296654944.0,-4.31,海兰信
33,能源及重型设备,-0.81,262112000.0,1.79,260791360.0,1.78,1320640.0,0.01,-298175744.0,-2.04,15040256.0,0.1,杰瑞股份
34,商用载客车,4.22,250799792.0,9.27,259497760.0,9.6,-8697968.0,-0.32,-31918640.0,-1.18,-218881152.0,-8.09,宇通客车
35,塑料,-1.38,233327584.0,1.27,537650528.0,2.92,-304322944.0,-1.65,-134626816.0,-0.73,-135290880.0,-0.74,神剑股份
36,白酒Ⅲ,-0.04,229340864.0,1.39,64961728.0,0.39,164379136.0,0.99,-184052992.0,-1.11,-45287712.0,-0.27,贵州茅台
37,白酒Ⅱ,-0.04,229340864.0,1.39,64961728.0,0.39,164379136.0,0.99,-184052992.0,-1.11,-45287712.0,-0.27,贵州茅台
38,白色家电,0.22,224084144.0,2.46,183936560.0,2.02,40147584.0,0.44,96440752.0,1.06,-320524896.0,-3.52,美的集团
39,工程机械器件,2.96,217657548.0,9.55,225992364.0,9.92,-8334816.0,-0.37,-74047424.0,-3.25,-134025904.0,-5.88,邵阳液压
40,体育Ⅱ,5.85,215021765.0,12.1,252369653.0,14.21,-37347888.0,-2.1,-100706752.0,-5.67,-114315008.0,-6.43,中体产业
41,体育Ⅲ,5.85,215021765.0,12.1,252369653.0,14.21,-37347888.0,-2.1,-100706752.0,-5.67,-114315008.0,-6.43,中体产业
42,娱乐用品,-0.17,205171996.0,6.48,183141644.0,5.78,22030352.0,0.7,-76559344.0,-2.42,-128612640.0,-4.06,舒华体育
43,文娱用品,-0.18,194327642.0,5.53,177285642.0,5.05,17042000.0,0.49,-81752688.0,-2.33,-112574960.0,-3.21,舒华体育
44,工程机械整机,-0.82,174999456.0,2.18,5665024.0,0.07,169334432.0,2.11,-112288720.0,-1.4,-62781296.0,-0.78,三一重工
45,空调,2.38,172529216.0,2.54,101292016.0,1.49,71237200.0,1.05,186612800.0,2.75,-359142016.0,-5.29,美的集团
46,摩托车,4.94,160784720.0,4.8,144502816.0,4.31,16281904.0,0.49,-110907136.0,-3.31,-31700176.0,-0.95,钱江摩托
47,医疗耗材,-0.79,139701088.0,1.96,80581344.0,1.13,59119744.0,0.83,10177248.0,0.14,-178909088.0,-2.51,英科医疗
48,综合乘用车,0.95,137703693.0,4.57,87969869.0,2.92,49733824.0,1.65,-53627088.0,-1.78,-84076608.0,-2.79,上汽集团
49,蓄电池及其他电池,-1.54,136162672.0,3.34,205400624.0,5.03,-69237952.0,-1.7,-104747008.0,-2.57,-36946256.0,-0.91,圣阳股份
50,国际工程,1.93,130999234.0,7.22,55040242.0,3.03,75958992.0,4.19,-47243632.0,-2.6,-83755616.0,-4.62,北方国际
51,贸易Ⅱ,-0.44,122514544.0,3.72,96923440.0,2.94,25591104.0,0.78,-30214352.0,-0.92,-92300192.0,-2.8,南京商旅
52,贸易Ⅲ,-0.44,122514544.0,3.72,96923440.0,2.94,25591104.0,0.78,-30214352.0,-0.92,-92300192.0,-2.8,南京商旅
53,商用载货车,0.69,121038464.0,4.13,79019904.0,2.69,42018560.0,1.43,-116529952.0,-3.97,-4508512.0,-0.15,江淮汽车
54,医药流通,0.51,119281328.0,2.39,70455680.0,1.41,48825648.0,0.98,-29808256.0,-0.6,-89473072.0,-1.8,鹭燕医药
55,快递,0.06,117061472.0,4.25,119550624.0,4.34,-2489152.0,-0.09,-149713888.0,-5.43,32652416.0,1.18,顺丰控股
56,改性塑料,-0.41,114754769.0,4.07,155260657.0,5.51,-40505888.0,-1.44,-64150272.0,-2.28,-51634800.0,-1.83,星辉环材
57,摩托车及其他,2.42,111241424.0,2.0,176167456.0,3.17,-64926032.0,-1.17,-143646544.0,-2.58,50582528.0,0.91,钱江摩托
58,医药商业,0.34,94644048.0,1.64,59284768.0,1.03,35359280.0,0.61,-31390848.0,-0.55,-63253200.0,-1.1,鹭燕医药
59,金融控股,-1.76,68060592.0,1.27,33809312.0,0.63,34251280.0,0.64,-44097248.0,-0.82,-23963328.0,-0.45,中油资本
60,检测服务,-0.83,61801181.0,2.21,5939741.0,0.21,55861440.0,1.99,-48685088.0,-1.74,-8979872.0,-0.32,华测检测
61,纺织服装设备,0.04,60578459.0,2.68,-166277.0,-0.01,60744736.0,2.69,-39245984.0,-1.73,-21332480.0,-0.94,宏华数科
62,城商行Ⅲ,0.39,56403792.0,0.85,-140290112.0,-2.11,196693904.0,2.96,-29302752.0,-0.44,-27101024.0,-0.41,南京银行
63,专业服务,-0.84,54277730.0,1.62,2337058.0,0.07,51940672.0,1.55,-28738800.0,-0.86,-21554144.0,-0.64,华测检测
64,冰洗,-0.5,51554922.0,2.22,82644538.0,3.56,-31089616.0,-1.34,-90172048.0,-3.88,38617120.0,1.66,海尔智家
65,水产饲料,0.68,47166551.0,5.73,19934499.0,2.42,27232052.0,3.31,-20544961.0,-2.5,-26621584.0,-3.24,天马科技
66,公路货运,0.48,37924100.0,5.43,26543588.0,3.8,11380512.0,1.63,2543606.0,0.36,-40467704.0,-5.79,天顺股份
67,楼宇设备,-0.13,36743225.0,2.32,25908745.0,1.64,10834480.0,0.68,-54322400.0,-3.43,18524464.0,1.17,广日股份
68,厨房电器,-0.62,33550945.0,4.13,-4658713.0,-0.57,38209658.0,4.7,5243580.0,0.64,-38794528.0,-4.77,华帝股份
69,其他纺织,-1.19,31123278.0,2.23,47792731.0,3.43,-16669453.0,-1.2,13163808.0,0.94,-44287104.0,-3.18,聚杰微纤
70,汽车综合服务,2.75,27250556.0,3.92,4003382.0,0.58,23247174.0,3.34,-7388009.0,-1.06,-19862544.0,-2.85,阿尔特
71,高速公路,-0.64,26443467.0,1.4,-13631381.0,-0.72,40074848.0,2.12,42924624.0,2.27,-69368096.0,-3.66,东莞控股
72,汽车服务,1.09,23516587.0,2.54,-821761.0,-0.09,24338348.0,2.63,-4691520.0,-0.51,-16791504.0,-1.81,阿尔特
73,影视院线,-0.18,20894064.0,0.48,-68643472.0,-1.58,89537536.0,2.06,155939856.0,3.58,-176833904.0,-4.06,光线传媒
74,固废治理,-2.29,17974992.0,0.24,24584192.0,0.33,-6609200.0,-0.09,185121456.0,2.47,-203731584.0,-2.72,高能环境
75,传媒,-0.7,17624544.0,0.04,-369662496.0,-0.92,387287040.0,0.96,816815616.0,2.03,-816502272.0,-2.03,蓝色光标
76,影视动漫制作,-0.11,17312268.0,0.47,-52303396.0,-1.41,69615664.0,1.87,142469024.0,3.84,-159781312.0,-4.3,光线传媒
77,机器人,-0.45,16791952.0,0.72,739488.0,0.03,16052464.0,0.69,27428512.0,1.18,-42069952.0,-1.81,亿嘉和
78,通信工程及服务,-1.22,14568814.0,0.36,-22165090.0,-0.55,36733904.0,0.9,4491136.0,0.11,-33955520.0,-0.84,普天科技
79,胶黏剂及胶带,-2.1,14395591.0,2.53,-3861320.0,-0.68,18256911.0,3.21,-11556198.0,-2.03,-2839392.0,-0.5,晶华新材
80,磁性材料,-0.08,13384652.0,0.45,-11019316.0,-0.37,24403968.0,0.81,3753792.0,0.13,-17138464.0,-0.57,正海磁材
81,物流,-0.93,13112096.0,0.2,58496992.0,0.88,-45384896.0,-0.68,-157682656.0,-2.37,142161296.0,2.14,顺丰控股
82,其他家电Ⅲ,-0.55,11285569.0,6.02,-793553.0,-0.42,12079122.0,6.45,-2103306.0,-1.12,-9182263.0,-4.9,融捷健康
83,其他家电Ⅱ,-0.55,11285569.0,6.02,-793553.0,-0.42,12079122.0,6.45,-2103306.0,-1.12,-9182263.0,-4.9,融捷健康
84,工控设备,-1.32,10867888.0,0.24,28186528.0,0.62,-17318640.0,-0.38,103879808.0,2.28,-141686400.0,-3.11,中控技术
85,房产租赁经纪,-2.32,10052122.0,1.4,-3352680.0,-0.47,13404802.0,1.87,-4130714.0,-0.58,-5921409.0,-0.83,世联行
86,锦纶,-1.18,8093821.0,2.71,3212.0,0.0,8090609.0,2.71,-5103362.0,-1.71,-2990459.0,-1.0,恒申新材
87,农用机械,-1.74,7406625.0,1.1,18795609.0,2.8,-11388984.0,-1.69,-20301100.0,-3.02,10821570.0,1.61,一拖股份
88,车身附件及饰件,-0.55,6870768.0,0.11,-25588160.0,-0.41,32458928.0,0.52,575008.0,0.01,-2644544.0,-0.04,宁波华翔
89,跨境电商,-0.27,6729230.0,0.69,-9218468.0,-0.95,15947698.0,1.64,1279200.0,0.13,-8008448.0,-0.83,焦点科技
90,医美服务,2.04,6148176.0,6.09,-595951.0,-0.59,6744127.0,6.68,-4151945.0,-4.11,-1996230.0,-1.98,*ST美谷
91,动物保健Ⅲ,-1.09,4862457.0,0.54,-2665940.0,-0.3,7528397.0,0.84,-14081664.0,-1.57,11811456.0,1.32,生物股份
92,动物保健Ⅱ,-1.09,4862457.0,0.54,-2665940.0,-0.3,7528397.0,0.84,-14081664.0,-1.57,11811456.0,1.32,生物股份
93,粘胶,0.19,4845760.0,0.3,28400288.0,1.73,-23554528.0,-1.44,-20351344.0,-1.24,15505600.0,0.95,恒天海龙
94,耐火材料,-0.92,4384454.0,1.31,8212124.0,2.45,-3827670.0,-1.14,-2400921.0,-0.72,-7227578.0,-2.15,濮耐股份
95,钢铁管材,-0.85,4310872.0,1.12,19212942.0,5.01,-14902070.0,-3.89,-3382655.0,-0.88,-928216.0,-0.24,新兴铸管
96,院线,-0.43,3581782.0,0.56,-16340088.0,-2.56,19921870.0,3.12,13470834.0,2.11,-17052614.0,-2.67,金逸影视
97,房地产服务,-1.53,3468874.0,0.23,-3300294.0,-0.22,6769168.0,0.45,5354976.0,0.36,-8823840.0,-0.59,皇庭国际
98,会展服务,-1.12,3323153.0,1.88,-150230.0,-0.09,3473383.0,1.97,9020075.0,5.12,-12343229.0,-7.0,锋尚文化
99,诊断服务,-0.75,2780716.0,0.36,13380330.0,1.73,-10599614.0,-1.37,-27337705.0,-3.54,24556992.0,3.18,金域医学
100,视频媒体,-0.48,2391437.0,1.03,1777162.0,0.77,614275.0,0.26,-2213781.0,-0.95,-177655.0,-0.08,芒果超媒
101,辅料,-0.27,2282360.0,1.98,341596.0,0.3,1940764.0,1.69,-9202687.0,-8.0,6867695.0,5.97,浔兴股份
102,熟食,-0.57,2238337.0,1.19,541596.0,0.29,1696741.0,0.9,4401202.0,2.33,-6639540.0,-3.52,煌上煌
103,社会服务,-0.66,526096.0,0.0,183483552.0,1.71,-182957456.0,-1.71,-4653584.0,-0.04,8112304.0,0.08,中体产业
104,防水材料,-0.62,26076.0,0.0,2724972.0,0.34,-2698896.0,-0.34,15703734.0,1.98,-15729808.0,-1.99,凯伦股份
105,纺织鞋类制造,-0.21,-243946.0,-0.56,0.0,0.0,-243946.0,-0.56,-1575501.0,-3.63,1819448.0,4.19,华利集团
106,广告媒体,0.01,-313614.0,-0.04,-4767202.0,-0.6,4453588.0,0.56,-22239913.0,-2.82,22553527.0,2.86,分众传媒
107,氨纶,-2.66,-826090.0,-0.25,-5338686.0,-1.64,4512596.0,1.38,-2777615.0,-0.85,3603706.0,1.11,华峰化学
108,果蔬加工,-1.24,-1248462.0,-0.23,17009056.0,3.07,-18257518.0,-3.29,-5528336.0,-1.0,1114131.0,0.2,安德利
109,期货,-1.34,-2196139.0,-0.34,-5300523.0,-0.83,3104384.0,0.49,-11375550.0,-1.78,13571696.0,2.13,瑞达期货
110,物业管理,-1.55,-2679647.0,-0.42,-9001257.0,-1.41,6321610.0,0.99,9095719.0,1.43,-6416072.0,-1.01,皇庭国际
111,人力资源服务,-0.29,-2935934.0,-1.73,-1183690.0,-0.7,-1752244.0,-1.03,8406376.0,4.95,-5470442.0,-3.22,科锐国际
112,学历教育,-0.83,-3520082.0,-2.54,-3289898.0,-2.38,-230184.0,-0.17,-1869856.0,-1.35,5389939.0,3.89,凯文教育
113,汽车经销商,-0.29,-3733969.0,-1.62,-4825143.0,-2.09,1091174.0,0.47,2696492.0,1.17,3071037.0,1.33,上海物贸
114,房地产综合服务,1.01,-3903604.0,-2.84,9053643.0,6.6,-12957247.0,-9.44,389967.0,0.28,3513638.0,2.56,珠江股份
115,其他通信设备,-0.56,-6826281.0,-0.3,45451063.0,1.98,-52277344.0,-2.28,-9701904.0,-0.42,17234864.0,0.75,东方通信
116,其他专业服务,-1.08,-7910680.0,-3.9,-2268764.0,-1.12,-5641916.0,-2.78,2519849.0,1.24,5239413.0,2.58,零点有数
117,厨卫电器,-0.97,-8805312.0,-0.67,-16535280.0,-1.27,7729968.0,0.59,334208.0,0.03,8471104.0,0.65,华帝股份
118,个护小家电,-2.67,-8906544.0,-3.07,-4238988.0,-1.46,-4667556.0,-1.61,-9203492.0,-3.17,7033352.0,2.42,飞科电器
119,洗护用品,0.22,-9040186.0,-3.78,-1403176.0,-0.59,-7637010.0,-3.19,938190.0,0.39,8101996.0,3.38,润本股份
120,餐饮,-0.46,-9190948.0,-4.89,-10839836.0,-5.77,1648888.0,0.88,-173634.0,-0.09,9364582.0,4.99,同庆楼
121,调味发酵品Ⅱ,-0.91,-9360784.0,-0.18,-93563360.0,-1.78,84202576.0,1.6,29309920.0,0.56,-22065456.0,-0.42,海天味业
122,调味发酵品Ⅲ,-0.91,-9360784.0,-0.18,-93563360.0,-1.78,84202576.0,1.6,29309920.0,0.56,-22065456.0,-0.42,海天味业
123,烘焙食品,-0.97,-9396577.0,-1.85,-5614755.0,-1.11,-3781822.0,-0.75,-15266402.0,-3.01,24662980.0,4.86,青岛食品
124,综合包装,-1.44,-9643105.0,-2.1,4487756.0,0.98,-14130861.0,-3.08,-536522.0,-0.12,9610486.0,2.09,海顺新材
125,其他数字媒体,-2.05,-9756404.0,-5.2,-737883.0,-0.39,-9018521.0,-4.81,3679348.0,1.96,6077056.0,3.24,凡拓数创
126,啤酒,-0.66,-9824337.0,-0.99,-17059708.0,-1.72,7235371.0,0.73,19869296.0,2.0,-10044960.0,-1.01,青岛啤酒
127,燃料电池,-2.54,-9846912.0,-10.3,-5110712.0,-5.35,-4736200.0,-4.95,7440960.0,7.78,2405952.0,2.52,亿华通-U
128,教育运营及其他,-0.98,-9892826.0,-2.58,4640252.0,1.21,-14533078.0,-3.79,11189939.0,2.92,-1297113.0,-0.34,豆神教育
129,其他饰品,-1.15,-10217502.0,-27.8,-5443938.0,-14.81,-4773564.0,-12.99,4067810.0,11.07,6149693.0,16.73,ST新华锦
130,海洋捕捞,-1.22,-10504659.0,-6.6,-4294576.0,-2.7,-6210083.0,-3.9,-3871352.0,-2.43,14376011.0,9.04,中  鲁Ｂ
131,文化用品,-0.22,-10844341.0,-3.14,-5855998.0,-1.7,-4988343.0,-1.45,-5193341.0,-1.5,16037682.0,4.65,创源股份
132,品牌消费电子,-1.27,-11120670.0,-0.45,3727458.0,0.15,-14848128.0,-0.6,-27269584.0,-1.11,25914560.0,1.05,传音控股
133,肉鸡养殖,-2.7,-11439642.0,-1.58,-3875162.0,-0.54,-7564480.0,-1.05,11834588.0,1.64,-394944.0,-0.05,仙坛股份
134,品牌化妆品,-0.71,-11485771.0,-1.8,-10405687.0,-1.63,-1080084.0,-0.17,19274298.0,3.01,-7788528.0,-1.22,上海家化
135,非金属材料Ⅱ,-1.41,-11691264.0,-0.51,76982816.0,3.38,-88674080.0,-3.89,-73421744.0,-3.22,69979312.0,3.07,坤彩科技
136,非金属材料Ⅲ,-1.41,-11691264.0,-0.51,76982816.0,3.38,-88674080.0,-3.89,-73421744.0,-3.22,69979312.0,3.07,坤彩科技
137,端到端供应链服务,-1.39,-11862785.0,-3.82,2849931.0,0.92,-14712716.0,-4.74,-2616775.0,-0.84,14479560.0,4.67,新宁物流
138,印染,-0.44,-12638169.0,-3.85,-3624546.0,-1.1,-9013623.0,-2.74,-28444789.0,-8.66,41082958.0,12.5,迎丰股份
139,公交,0.17,-12706704.0,-4.15,-5069908.0,-1.66,-7636796.0,-2.49,-15139797.0,-4.94,27846501.0,9.09,江西长运
140,资产管理,-1.44,-12884445.0,-5.48,-5589551.0,-2.38,-7294894.0,-3.1,2761526.0,1.17,10122919.0,4.31,九鼎投资
141,医疗美容,-0.62,-13986414.0,-2.79,-13247221.0,-2.64,-739193.0,-0.15,-4331934.0,-0.86,5127777.0,1.02,*ST美谷
142,农业综合Ⅱ,-1.79,-15092551.0,-6.9,404669.0,0.18,-15497220.0,-7.08,-10783904.0,-4.93,23978528.0,10.96,大禹节水
143,农业综合Ⅲ,-1.79,-15092551.0,-6.9,404669.0,0.18,-15497220.0,-7.08,-10783904.0,-4.93,23978528.0,10.96,大禹节水
144,长材,-1.68,-16083585.0,-7.73,-7209257.0,-3.47,-8874328.0,-4.27,5640434.0,2.71,10443151.0,5.02,中南股份
145,水泥制造,-0.63,-17532077.0,-0.8,-28478029.0,-1.3,10945952.0,0.5,-54038080.0,-2.47,71570160.0,3.27,海螺水泥
146,化妆品制造及其他,-1.04,-18084410.0,-3.54,-31052980.0,-6.09,12968570.0,2.54,1073149.0,0.21,16409839.0,3.22,嘉亨家化
147,其他能源发电,6.04,-18365672.0,-2.02,-30819472.0,-3.39,12453800.0,1.37,32804029.0,3.61,-14438361.0,-1.59,长青集团
148,综合电商,-1.37,-18852335.0,-6.23,-10056354.0,-3.32,-8795981.0,-2.91,6242893.0,2.06,12609442.0,4.17,ST通葡
149,医美耗材,-1.5,-20134590.0,-5.03,-12651270.0,-3.16,-7483320.0,-1.87,-179990.0,-0.04,7124007.0,1.78,爱美客
150,模拟芯片设计,-2.48,-21404976.0,-0.19,-137060512.0,-1.23,115655536.0,1.03,60648640.0,0.54,-39243680.0,-0.35,臻镭科技
151,水产养殖,-1.75,-22008184.0,-5.84,1406939.0,0.37,-23415123.0,-6.22,-4084777.0,-1.08,26092961.0,6.93,好当家
152,冶钢辅料,-1.27,-23138442.0,-2.51,-21205925.0,-2.3,-1932517.0,-0.21,-10122129.0,-1.1,33260576.0,3.61,方大炭素
153,板材,-1.08,-23599136.0,-0.39,43866816.0,0.73,-67465952.0,-1.13,-52910064.0,-0.88,76509216.0,1.28,杭钢股份
154,医疗设备,-0.84,-24006464.0,-0.33,44036688.0,0.61,-68043152.0,-0.94,90762240.0,1.25,-73954640.0,-1.02,海泰新光
155,家纺,-1.29,-24533048.0,-6.01,-4569203.0,-1.12,-19963845.0,-4.89,15683806.0,3.84,7978041.0,1.95,罗莱生活
156,纺织化学制品,-1.25,-24587151.0,-1.53,-34817359.0,-2.17,10230208.0,0.64,-2102352.0,-0.13,26689488.0,1.67,雅运股份
157,瓷砖地板,-1.62,-24622968.0,-3.54,-8138768.0,-1.17,-16484200.0,-2.37,8912572.0,1.28,15710400.0,2.26,东鹏控股
158,线下药店,-0.2,-24637269.0,-3.18,-11170917.0,-1.44,-13466352.0,-1.74,-1582593.0,-0.2,26219856.0,3.38,漱玉平民
159,鞋帽及其他,-1.82,-25022432.0,-3.22,-14612958.0,-1.88,-10409474.0,-1.34,11221978.0,1.44,13800448.0,1.77,牧高笛
160,照明设备Ⅱ,-1.44,-25212448.0,-2.41,-2274820.0,-0.22,-22937628.0,-2.19,-4339280.0,-0.42,20546448.0,1.97,勤上股份
161,照明设备Ⅲ,-1.44,-25212448.0,-2.41,-2274820.0,-0.22,-22937628.0,-2.19,-4339280.0,-0.42,20546448.0,1.97,勤上股份
162,旅游零售Ⅲ,-1.54,-26320941.0,-1.57,-30102381.0,-1.79,3781440.0,0.23,38846336.0,2.31,-12525392.0,-0.75,中国中免
163,旅游零售Ⅱ,-1.54,-26320941.0,-1.57,-30102381.0,-1.79,3781440.0,0.23,38846336.0,2.31,-12525392.0,-0.75,中国中免
164,信托,-1.07,-27138410.0,-7.14,-22694066.0,-5.97,-4444344.0,-1.17,3776149.0,0.99,23362262.0,6.15,建元信托
165,仓储物流,-1.28,-27341315.0,-5.89,-34128242.0,-7.36,6786927.0,1.46,4898792.0,1.06,22442523.0,4.84,密尔克卫
166,管材,-2.32,-27415568.0,-7.75,-7966725.0,-2.25,-19448843.0,-5.5,6062139.0,1.71,21353429.0,6.04,东宏股份
167,血液制品,-0.96,-27647391.0,-5.62,-21204914.0,-4.31,-6442477.0,-1.31,12775942.0,2.6,14871450.0,3.02,博雅生物
168,涂料,-2.92,-27694268.0,-8.58,-17754387.0,-5.5,-9939881.0,-3.08,10753437.0,3.33,16940830.0,5.25,亚士创能
169,火电设备,-1.69,-27935989.0,-5.87,-6566914.0,-1.38,-21369075.0,-4.49,104265.0,0.02,27831724.0,5.85,ST华西
170,其他橡胶制品,-2.37,-28311563.0,-1.62,-27479147.0,-1.57,-832416.0,-0.05,14817248.0,0.85,-31154816.0,-1.78,元创股份
171,化妆品,-0.86,-29570180.0,-2.57,-41458667.0,-3.61,11888487.0,1.03,20347440.0,1.77,8621312.0,0.75,嘉亨家化
172,钴,-2.18,-29645762.0,-5.61,-17145327.0,-3.24,-12500435.0,-2.36,-2918000.0,-0.55,32563764.0,6.16,腾远钴业
173,清洁小家电,-1.1,-29921665.0,-3.66,-28399306.0,-3.47,-1522359.0,-0.19,14682608.0,1.79,15239056.0,1.86,开能健康
174,其他酒类,-1.18,-30105541.0,-5.19,-2387349.0,-0.41,-27718192.0,-4.78,16814854.0,2.9,13290687.0,2.29,中信尼雅
175,图片媒体,-2.57,-30193277.0,-7.01,-10199926.0,-2.37,-19993351.0,-4.64,26030359.0,6.05,4162918.0,0.97,视觉中国
176,特种纸,-1.46,-30529631.0,-2.83,-28351463.0,-2.63,-2178168.0,-0.2,-9150416.0,-0.85,18909952.0,1.75,齐峰新材
177,食用菌,-2.65,-30737208.0,-8.09,-4918131.0,-1.29,-25819077.0,-6.79,11979922.0,3.15,18757286.0,4.94,博闻科技
178,水泥制品,-1.26,-31662932.0,-5.08,-18768022.0,-3.01,-12894910.0,-2.07,-20431427.0,-3.28,52094352.0,8.35,垒知集团
179,机床工具,-0.69,-32398232.0,-1.63,-12020696.0,-0.61,-20377536.0,-1.03,14899344.0,0.75,14966224.0,0.75,乔锋智能
180,渔业,-1.52,-32512843.0,-6.07,-2887637.0,-0.54,-29625206.0,-5.53,-7956129.0,-1.49,40468972.0,7.56,好当家
181,厨房小家电,-0.83,-33219732.0,-4.45,-31000273.0,-4.15,-2219459.0,-0.3,-1803524.0,-0.24,34907104.0,4.67,北鼎股份
182,其他养殖,-2.74,-33232265.0,-15.21,-14732407.0,-6.74,-18499858.0,-8.47,9038281.0,4.14,24193985.0,11.07,福成股份
183,生活用纸,-1.37,-33809788.0,-4.04,-23831721.0,-2.85,-9978067.0,-1.19,-41089910.0,-4.91,74899696.0,8.95,依依股份
184,自然景区,-0.7,-34157957.0,-2.52,1759178.0,0.13,-35917135.0,-2.65,13664496.0,1.01,20493456.0,1.51,桂林旅游
185,租赁,0.09,-34297036.0,-4.03,19968028.0,2.35,-54265064.0,-6.38,23674678.0,2.78,10622352.0,1.25,渤海租赁
186,跨境物流,-0.81,-34424896.0,-3.08,-10220763.0,-0.91,-24204133.0,-2.16,-8604896.0,-0.77,40620528.0,3.63,东航物流
187,定制家居,-1.93,-34586583.0,-2.75,-22171384.0,-1.77,-12415199.0,-0.99,5730528.0,0.46,29624960.0,2.36,皮阿诺
188,涂料油墨,-1.83,-34759327.0,-3.67,-6605849.0,-0.7,-28153478.0,-2.97,39637424.0,4.19,-4878096.0,-0.52,联合化学
189,普钢,-1.13,-35371840.0,-0.54,55870512.0,0.85,-91242352.0,-1.39,-50652288.0,-0.77,86024144.0,1.31,杭钢股份
190,酒店,0.07,-37936832.0,-3.61,-7697305.0,-0.73,-30239527.0,-2.87,38707248.0,3.68,-770432.0,-0.07,君亭酒店
191,人工景区,-0.15,-38473776.0,-6.97,-634281.0,-0.11,-37839495.0,-6.85,6775537.0,1.23,31698238.0,5.74,云南旅游
192,宠物食品,-1.36,-38523606.0,-8.43,-12095910.0,-2.65,-26427696.0,-5.79,-35910335.0,-7.86,74739068.0,16.36,路斯股份
193,有机硅,-1.58,-39298972.0,-3.69,-32431236.0,-3.04,-6867736.0,-0.64,36734432.0,3.45,2564544.0,0.24,回天新材
194,保健品,-1.07,-39677944.0,-4.69,-40300916.0,-4.76,622972.0,0.07,5186770.0,0.61,34202928.0,4.04,百合股份
195,非白酒,-0.96,-39929872.0,-2.54,-19447056.0,-1.24,-20482816.0,-1.3,36684144.0,2.33,3245728.0,0.21,中信尼雅
196,成品家居,-1.33,-40106433.0,-3.36,-27047041.0,-2.27,-13059392.0,-1.09,12651952.0,1.06,28201712.0,2.36,梦百合
197,钢结构,-1.42,-41875209.0,-3.99,-13631320.0,-1.3,-28243889.0,-2.69,2911088.0,0.28,37502688.0,3.58,杭萧钢构
198,卫浴电器,-1.69,-42356258.0,-8.59,-11876566.0,-2.41,-30479692.0,-6.18,-4909377.0,-1.0,47265635.0,9.59,奥普科技
199,个护用品,-0.97,-42849974.0,-3.98,-25234897.0,-2.35,-17615077.0,-1.64,-40151712.0,-3.73,83001696.0,7.72,润本股份
200,商业地产,-1.26,-43267842.0,-2.91,-119761522.0,-8.04,76493680.0,5.14,78567552.0,5.28,-35299728.0,-2.37,招商蛇口
201,粮油加工,-1.19,-43327264.0,-2.43,-5930432.0,-0.33,-37396832.0,-2.1,-34640688.0,-1.94,77967968.0,4.37,金健米业
202,民爆制品,-1.02,-43972800.0,-1.09,-66156848.0,-1.64,22184048.0,0.55,41012320.0,1.01,2960464.0,0.07,雪峰科技
203,其他黑色家电,-1.14,-44716210.0,-6.04,-17717473.0,-2.39,-26998737.0,-3.65,641102.0,0.09,44075104.0,5.95,四川九洲
204,专业连锁Ⅱ,-0.45,-45399074.0,-3.74,-25301629.0,-2.09,-20097445.0,-1.66,20837168.0,1.72,24561904.0,2.03,博士眼镜
205,专业连锁Ⅲ,-0.45,-45399074.0,-3.74,-25301629.0,-2.09,-20097445.0,-1.66,20837168.0,1.72,24561904.0,2.03,博士眼镜
206,磨具磨料,-2.0,-45480242.0,-1.45,-43317730.0,-1.38,-2162512.0,-0.07,-7405984.0,-0.24,48056336.0,1.53,金太阳
207,教育出版,-0.31,-45886946.0,-6.1,-12213343.0,-1.62,-33673603.0,-4.48,-24190864.0,-3.22,70077808.0,9.32,南方传媒
208,横向通用软件,-1.23,-45909888.0,-0.52,-14602992.0,-0.17,-31306896.0,-0.35,44741376.0,0.51,1168512.0,0.01,每日互动
209,玻璃制造,-2.01,-46598353.0,-4.55,-26879777.0,-2.62,-19718576.0,-1.92,32197648.0,3.14,14400720.0,1.4,旗滨集团
210,酒店餐饮,-0.14,-47127780.0,-3.8,-18537141.0,-1.49,-28590639.0,-2.31,38533632.0,3.11,8594160.0,0.69,君亭酒店
211,零食,-1.62,-48179196.0,-4.26,-26182594.0,-2.31,-21996602.0,-1.94,38841888.0,3.43,9337312.0,0.83,洽洽食品
212,印刷包装机械,-1.49,-49076530.0,-2.85,-16125202.0,-0.94,-32951328.0,-1.92,-16110912.0,-0.94,65528288.0,3.81,爱司凯
213,水泥,-0.88,-49194995.0,-1.75,-47246051.0,-1.68,-1948944.0,-0.07,-74469520.0,-2.65,123664512.0,4.4,海螺水泥
214,门户网站,-0.76,-49203104.0,-1.34,-2470688.0,-0.07,-46732416.0,-1.27,73811264.0,2.01,-24608144.0,-0.67,值得买
215,其他运输设备,0.15,-49543301.0,-2.24,31664635.0,1.43,-81207936.0,-3.66,-32739408.0,-1.48,82282704.0,3.71,久祺股份
216,其他塑料制品,-2.02,-49696869.0,-1.39,-34346325.0,-0.96,-15350544.0,-0.43,36558368.0,1.02,-22421376.0,-0.63,沧州明珠
217,涤纶,-2.14,-49735290.0,-4.26,-18334845.0,-1.57,-31400445.0,-2.69,-31300400.0,-2.68,81035696.0,6.94,新凤鸣
218,电信运营商,0.12,-50481872.0,-2.39,-54637888.0,-2.59,4156016.0,0.2,-49483040.0,-2.34,99964928.0,4.73,中国联通
219,预加工食品,-0.3,-52173288.0,-3.04,-56506584.0,-3.29,4333296.0,0.25,23170768.0,1.35,26925904.0,1.57,海欣食品
220,乳品,-1.06,-52224182.0,-2.63,-35355574.0,-1.78,-16868608.0,-0.85,-39479472.0,-1.99,85779872.0,4.32,三元股份
221,橡胶助剂,-3.63,-54403460.0,-12.33,-15816325.0,-3.58,-38587135.0,-8.74,16799762.0,3.81,37603698.0,8.52,阳谷华泰
222,休闲食品,-1.23,-55337449.0,-3.03,-31255753.0,-1.71,-24081696.0,-1.32,27976688.0,1.53,27360752.0,1.5,青岛食品
223,炭黑,-3.19,-55630547.0,-8.95,-24233148.0,-3.9,-31397399.0,-5.05,5864658.0,0.94,49765895.0,8.01,龙星科技
224,其他医疗服务,-0.31,-56465617.0,-3.5,-51718545.0,-3.2,-4747072.0,-0.29,50326320.0,3.12,2221328.0,0.14,数字人
225,农商行Ⅲ,0.46,-57554258.0,-3.41,-26818754.0,-1.59,-30735504.0,-1.82,-12618240.0,-0.75,70172512.0,4.16,常熟银行
226,机场,-0.06,-58466934.0,-8.61,-18606407.0,-2.74,-39860527.0,-5.87,4821201.0,0.71,53645737.0,7.9,厦门空港
227,其他建材Ⅲ,-1.23,-58652483.0,-3.26,-17634051.0,-0.98,-41018432.0,-2.28,35122688.0,1.95,23529792.0,1.31,开尔新材
228,培训教育,-1.22,-60614961.0,-6.87,-37937137.0,-4.3,-22677824.0,-2.57,23809664.0,2.7,36805296.0,4.17,ST开元
229,印刷,-1.88,-61701251.0,-6.3,-31452735.0,-3.21,-30248516.0,-3.09,40604864.0,4.15,20777216.0,2.12,盛通股份
230,卫浴制品,-2.34,-63167924.0,-11.83,-51522122.0,-9.65,-11645802.0,-2.18,24971240.0,4.68,38196682.0,7.16,建霖家居
231,房屋建设Ⅲ,0.1,-63541888.0,-2.06,-41407488.0,-1.34,-22134400.0,-0.72,-43628592.0,-1.41,107170464.0,3.47,浙江建投
232,房屋建设Ⅱ,0.1,-63541888.0,-2.06,-41407488.0,-1.34,-22134400.0,-0.72,-43628592.0,-1.41,107170464.0,3.47,浙江建投
233,运动服装,-0.46,-66052509.0,-7.19,7383462.0,0.8,-73435971.0,-7.99,-9464420.0,-1.03,75516923.0,8.22,嘉麟杰
234,原材料供应链服务,-1.55,-68244464.0,-5.23,-46098129.0,-3.53,-22146335.0,-1.7,-4189504.0,-0.32,72433968.0,5.55,上海雅仕
235,塑料包装,-1.38,-71781263.0,-7.0,-53390625.0,-5.21,-18390638.0,-1.79,27955760.0,2.73,39433456.0,3.84,沪江材料
236,小家电,-1.25,-72047942.0,-3.88,-63638566.0,-3.43,-8409376.0,-0.45,3675584.0,0.2,57179504.0,3.08,开能健康
237,疫苗,-1.24,-72151555.0,-3.38,-26531555.0,-1.24,-45620000.0,-2.14,-14685344.0,-0.69,79144000.0,3.71,康希诺
238,教育,-1.13,-74027871.0,-5.27,-36586783.0,-2.61,-37441088.0,-2.67,33129744.0,2.36,40898128.0,2.91,豆神教育
239,纯碱,-2.46,-74260770.0,-7.65,-18878019.0,-1.94,-55382751.0,-5.7,-15483360.0,-1.59,89744128.0,9.24,江盐集团
240,产业地产,-0.82,-74648406.0,-7.11,-46701680.0,-4.45,-27946726.0,-2.66,-10706416.0,-1.02,85354816.0,8.13,上海临港
241,旅游综合,-1.48,-74986020.0,-7.16,-17224141.0,-1.65,-57761879.0,-5.52,32688544.0,3.12,42297456.0,4.04,天府文旅
242,轮胎轮毂,-1.15,-75719541.0,-3.12,-30560853.0,-1.26,-45158688.0,-1.86,-41608128.0,-1.71,117327664.0,4.83,兴民智通
243,化学工程,-2.49,-77864051.0,-5.02,-127559603.0,-8.23,49695552.0,3.2,76490144.0,4.93,1373920.0,0.09,百利科技
244,多业态零售,-1.07,-78219433.0,-9.34,-18573162.0,-2.22,-59646271.0,-7.12,4774935.0,0.57,73444496.0,8.77,益民集团
245,铁路公路,-0.31,-79072240.0,-1.65,-113277008.0,-2.36,34204768.0,0.71,62368176.0,1.3,16704096.0,0.35,东莞控股
246,电工仪器仪表,-2.41,-79720353.0,-3.14,-78795697.0,-3.1,-924656.0,-0.04,63752560.0,2.51,12175760.0,0.48,华盛昌
247,金属新材料,-0.93,-79737904.0,-1.01,-64971504.0,-0.83,-14766400.0,-0.19,39629440.0,0.5,33728448.0,0.43,正海磁材
248,粮食种植,-5.1,-84945149.0,-4.56,-51950797.0,-2.79,-32994352.0,-1.77,44121344.0,2.37,40823792.0,2.19,苏垦农发
249,美容护理,-0.87,-86406577.0,-3.17,-79940785.0,-2.93,-6465792.0,-0.24,-24136208.0,-0.89,96750784.0,3.55,嘉亨家化
250,钟表珠宝,-1.13,-87931023.0,-6.32,-23677329.0,-1.7,-64253694.0,-4.62,-20972400.0,-1.51,108903408.0,7.83,菜百股份
251,制冷空调设备,-1.51,-87950031.0,-2.37,-16139359.0,-0.43,-71810672.0,-1.93,77276352.0,2.08,8578352.0,0.23,英特科技
252,特钢Ⅲ,-1.9,-88062081.0,-4.85,-47622897.0,-2.62,-40439184.0,-2.23,-17016672.0,-0.94,105078752.0,5.79,中信特钢
253,特钢Ⅱ,-1.9,-88062081.0,-4.85,-47622897.0,-2.62,-40439184.0,-2.23,-17016672.0,-0.94,105078752.0,5.79,中信特钢
254,航空运输,-0.86,-88705744.0,-2.72,-70155568.0,-2.15,-18550176.0,-0.57,79411056.0,2.43,9294688.0,0.28,中国东航
255,大众出版,-0.86,-91582440.0,-3.36,-30123864.0,-1.11,-61458576.0,-2.26,26075728.0,0.96,65506704.0,2.41,果麦文化
256,铁路运输,0.2,-92809024.0,-3.58,-94575728.0,-3.65,1766704.0,0.07,34583328.0,1.34,58225680.0,2.25,中铁特货
257,其他金属新材料,-1.53,-93122592.0,-1.92,-53952208.0,-1.11,-39170384.0,-0.81,35875632.0,0.74,50866912.0,1.05,博迁新材
258,文字媒体,-1.7,-95050268.0,-5.86,-33232028.0,-2.05,-61818240.0,-3.81,-1503568.0,-0.09,96553840.0,5.95,掌阅科技
259,饲料,-1.09,-97702706.0,-4.24,-40712882.0,-1.77,-56989824.0,-2.48,-50030544.0,-2.17,148038368.0,6.43,天马科技
260,饰品,-1.13,-98148524.0,-6.87,-29121267.0,-2.04,-69027257.0,-4.83,-16904576.0,-1.18,115053104.0,8.06,菜百股份
261,其他农产品加工,-2.8,-98269662.0,-7.25,-28665819.0,-2.12,-69603843.0,-5.14,12003344.0,0.89,78785728.0,5.82,晨光生物
262,金融信息服务,-2.75,-100350875.0,-11.12,-67188012.0,-7.45,-33162863.0,-3.68,15701152.0,1.74,84649732.0,9.38,翠微股份
263,其他家居用品,-0.58,-102596711.0,-4.52,-65848263.0,-2.9,-36748448.0,-1.62,32581216.0,1.44,70015472.0,3.08,茶花股份
264,肉制品,-2.27,-103123660.0,-8.85,-69889186.0,-6.0,-33234474.0,-2.85,12273264.0,1.05,90850416.0,7.8,双汇发展
265,水力发电,-1.5,-103258832.0,-1.45,192182784.0,2.69,-295441616.0,-4.14,-340632688.0,-4.77,443891520.0,6.22,闽东电力
266,膜材料,-1.97,-104400368.0,-1.39,75912224.0,1.01,-180312592.0,-2.39,20762208.0,0.28,83638160.0,1.11,大东南
267,畜禽饲料,-1.75,-106345647.0,-10.4,-48551471.0,-4.75,-57794176.0,-5.65,6424752.0,0.63,99920896.0,9.78,正虹科技
268,多元金融,-1.48,-108806320.0,-1.3,-46994816.0,-0.56,-61811504.0,-0.74,-9559296.0,-0.11,118365616.0,1.42,中油资本
269,大宗用纸,-1.97,-108927050.0,-6.92,-40991098.0,-2.6,-67935952.0,-4.32,5946560.0,0.38,102980480.0,6.54,林平发展
270,装修建材,-1.41,-109351793.0,-3.03,-32418065.0,-0.9,-76933728.0,-2.13,65241088.0,1.81,38866672.0,1.08,凯伦股份
271,水务及水治理,-2.03,-110135022.0,-2.09,-59939102.0,-1.14,-50195920.0,-0.95,95528560.0,1.81,14606464.0,0.28,中赋科技
272,其他汽车零部件,-0.95,-114306000.0,-1.09,-140351664.0,-1.34,26045664.0,0.25,-33637328.0,-0.32,150246336.0,1.44,华达科技
273,纺织制造,-0.77,-117755567.0,-3.61,-19500175.0,-0.6,-98255392.0,-3.01,-45345232.0,-1.39,163048160.0,4.99,聚杰微纤
274,其他生物制品,-0.51,-123286016.0,-1.26,-6250816.0,-0.06,-117035200.0,-1.19,-129267456.0,-1.32,241201760.0,2.46,甘李药业
275,彩电,0.19,-126814142.0,-6.47,-99791726.0,-5.09,-27022416.0,-1.38,22460064.0,1.15,104354064.0,5.32,*ST高斯
276,综合Ⅲ,-1.19,-129292592.0,-2.91,-89863728.0,-2.02,-39428864.0,-0.89,62978832.0,1.42,66313744.0,1.49,东阳光
277,综合Ⅱ,-1.19,-129292592.0,-2.91,-89863728.0,-2.02,-39428864.0,-0.89,62978832.0,1.42,66313744.0,1.49,东阳光
278,综合,-1.19,-129292592.0,-2.91,-89863728.0,-2.02,-39428864.0,-0.89,62978832.0,1.42,66313744.0,1.49,东阳光
279,港口,-0.37,-133134986.0,-4.7,-56931786.0,-2.01,-76203200.0,-2.69,23805872.0,0.84,109329104.0,3.86,秦港股份
280,出版,-0.66,-137469382.0,-3.96,-42337206.0,-1.22,-95132176.0,-2.74,1884864.0,0.05,135584512.0,3.9,果麦文化
281,光伏发电,-3.14,-137751760.0,-0.97,494872896.0,3.5,-632624656.0,-4.48,-461718336.0,-3.27,599469968.0,4.24,拓日新能
282,电商服务,-2.31,-137775648.0,-10.17,-93032841.0,-6.87,-44742807.0,-3.3,26333744.0,1.94,111441888.0,8.23,丽人丽妆
283,棉纺,-0.54,-138279094.0,-9.99,-64009956.0,-4.62,-74269138.0,-5.36,-19286080.0,-1.39,157565168.0,11.38,健盛集团
284,橡胶,-2.69,-138345565.0,-4.92,-67528621.0,-2.4,-70816944.0,-2.52,37481664.0,1.33,56214768.0,2.0,元创股份
285,造纸,-1.7,-139456673.0,-5.26,-69342561.0,-2.61,-70114112.0,-2.64,-3203840.0,-0.12,121890432.0,4.59,林平发展
286,农产品加工,-1.89,-142845392.0,-3.87,-17587200.0,-0.48,-125258192.0,-3.39,-28165680.0,-0.76,157867824.0,4.28,金健米业
287,钛白粉,-3.48,-143986905.0,-11.38,-80683974.0,-6.38,-63302931.0,-5.0,-9327008.0,-0.74,153313920.0,12.12,安 纳 达
288,电视广播Ⅲ,-0.86,-145206074.0,-4.7,-152054842.0,-4.92,6848768.0,0.22,17012448.0,0.55,146131280.0,4.73,流金科技
289,电视广播Ⅱ,-0.86,-145206074.0,-4.7,-152054842.0,-4.92,6848768.0,0.22,17012448.0,0.55,146131280.0,4.73,流金科技
290,航空机场,-0.58,-147172704.0,-3.73,-88761984.0,-2.25,-58410720.0,-1.48,84232272.0,2.14,62940432.0,1.6,中国东航
291,旅游及景区,-0.84,-147617756.0,-5.0,-16099244.0,-0.54,-131518512.0,-4.45,53128576.0,1.8,94489168.0,3.2,天府文旅
292,环保设备Ⅲ,-1.84,-147964064.0,-3.06,-73713440.0,-1.53,-74250624.0,-1.54,105398624.0,2.18,42022832.0,0.87,盈峰环境
293,环保设备Ⅱ,-1.84,-147964064.0,-3.06,-73713440.0,-1.53,-74250624.0,-1.54,105398624.0,2.18,42022832.0,0.87,盈峰环境
294,商业物业经营,-1.42,-149161673.0,-9.55,-60006057.0,-3.84,-89155616.0,-5.71,64862688.0,4.15,84298976.0,5.4,锦和商管
295,互联网电商,-1.36,-149898752.0,-5.7,-112307664.0,-4.27,-37591088.0,-1.43,33855856.0,1.29,116042896.0,4.42,焦点科技
296,金属包装,-1.96,-151927403.0,-5.56,-138051451.0,-5.05,-13875952.0,-0.51,90841120.0,3.33,61086288.0,2.24,中锐股份
297,超市,-0.7,-153899022.0,-14.47,-104576734.0,-9.83,-49322288.0,-4.64,25886432.0,2.43,128012592.0,12.03,三江购物
298,其他石化,-1.99,-154598696.0,-6.16,-112317064.0,-4.48,-42281632.0,-1.69,47500720.0,1.89,107097984.0,4.27,齐翔腾达
299,非运动服装,-0.79,-155502739.0,-4.3,-39216083.0,-1.08,-116286656.0,-3.22,-136152928.0,-3.76,291655680.0,8.06,棒杰股份
300,核力发电,-1.07,-156967424.0,-6.4,-116078960.0,-4.73,-40888464.0,-1.67,87120064.0,3.55,69847376.0,2.85,电投产融
301,安防设备,-1.37,-157147101.0,-4.43,-105912189.0,-2.98,-51234912.0,-1.44,157017648.0,4.43,-15501072.0,-0.44,佳缘科技
302,汽车电子电气系统,-0.66,-163191808.0,-2.41,-160037088.0,-2.37,-3154720.0,-0.05,129325248.0,1.91,28775392.0,0.43,松芝股份
303,黑色家电,-0.6,-171530352.0,-6.35,-117509200.0,-4.35,-54021152.0,-2.0,23101168.0,0.86,148429168.0,5.49,四川九洲
304,数字媒体,-1.16,-181811616.0,-2.96,-44863376.0,-0.73,-136948240.0,-2.23,99803616.0,1.63,82008000.0,1.34,值得买
305,大气治理,-0.6,-185518648.0,-9.06,-131949768.0,-6.44,-53568880.0,-2.61,91080624.0,4.45,94162752.0,4.6,中创环保
306,软饮料,-2.08,-193514112.0,-6.82,31104528.0,1.1,-224618640.0,-7.92,-64741136.0,-2.28,258255248.0,9.1,欢乐家
307,食品加工,-1.07,-194974890.0,-5.23,-166696682.0,-4.47,-28278208.0,-0.76,40630784.0,1.09,151979248.0,4.08,海欣食品
308,其他化学纤维,-3.16,-197606288.0,-9.48,-75458304.0,-3.62,-122147984.0,-5.86,-2753184.0,-0.13,166673600.0,8.0,蒙泰高新
309,硅料硅片,-3.37,-203577580.0,-9.22,-119690748.0,-5.42,-83886832.0,-3.8,26090368.0,1.18,177487216.0,8.04,华民股份
310,通用设备,-1.02,-203886848.0,-0.34,-89551616.0,-0.15,-114335232.0,-0.19,434286336.0,0.73,-271330560.0,-0.46,巨力索具
311,聚氨酯,-1.66,-209410524.0,-7.21,-151785580.0,-5.23,-57624944.0,-1.98,13483808.0,0.46,195726320.0,6.74,美瑞新材
312,综合环境治理,-3.1,-210998356.0,-11.43,-154267604.0,-8.36,-56730752.0,-3.07,72304544.0,3.92,138693792.0,7.51,南大环境
313,乘用车,0.04,-211491312.0,-1.73,-116696000.0,-0.96,-94795312.0,-0.78,55980432.0,0.46,155510864.0,1.27,上汽集团
314,其他种植业,-4.87,-215536134.0,-11.99,-114072022.0,-6.35,-101464112.0,-5.64,60124432.0,3.34,155411696.0,8.64,宏辉果蔬
315,铁矿石,-3.16,-219319942.0,-10.83,-82511126.0,-4.07,-136808816.0,-6.75,-22418784.0,-1.11,241738720.0,11.93,金岭矿业
316,生物制品,-0.74,-223084960.0,-1.79,-53987296.0,-0.43,-169097664.0,-1.36,-131176752.0,-1.05,335217216.0,2.7,甘李药业
317,通信应用增值服务,-1.69,-226410688.0,-1.91,-202121920.0,-1.71,-24288768.0,-0.21,156087024.0,1.32,70323664.0,0.59,数据港
318,镍,-1.71,-229722416.0,-8.74,-115874192.0,-4.41,-113848224.0,-4.33,63414544.0,2.41,166307872.0,6.33,华友钴业
319,氯碱,-2.51,-229973064.0,-6.35,-157739976.0,-4.36,-72233088.0,-2.0,-19417584.0,-0.54,249390640.0,6.89,航锦科技
320,化学纤维,-2.02,-235228096.0,-4.27,-70728336.0,-1.28,-164499760.0,-2.98,-62285936.0,-1.13,263828160.0,4.78,恒天海龙
321,百货,-1.36,-240332444.0,-8.84,-105549964.0,-3.88,-134782480.0,-4.96,31383024.0,1.15,208949440.0,7.69,广百股份
322,热力服务,-1.7,-241923792.0,-3.07,-124200128.0,-1.57,-117723664.0,-1.49,13870304.0,0.18,228053488.0,2.89,京能热力
323,冶钢原料,-2.32,-242458384.0,-8.23,-103717056.0,-3.52,-138741328.0,-4.71,-32540912.0,-1.1,274999312.0,9.33,方大炭素
324,油品石化贸易,-2.04,-243280864.0,-9.61,-169184656.0,-6.68,-74096208.0,-2.93,43763440.0,1.73,199517408.0,7.88,润贝航科
325,综合电力设备商,-1.53,-245200160.0,-9.07,-106967152.0,-3.96,-138233008.0,-5.11,46526688.0,1.72,198673456.0,7.35,上海电气
326,农药,-2.67,-245396889.0,-4.69,-155093801.0,-2.97,-90303088.0,-1.73,148499520.0,2.84,85897984.0,1.64,苏利股份
327,饮料乳品,-1.36,-245738304.0,-5.1,-4251056.0,-0.09,-241487248.0,-5.01,-104220608.0,-2.16,344035104.0,7.13,欢乐家
328,地面兵装Ⅱ,-1.21,-250148832.0,-4.16,72896048.0,1.21,-323044880.0,-5.37,-217667840.0,-3.62,467816672.0,7.78,光电股份
329,地面兵装Ⅲ,-1.21,-250148832.0,-4.16,72896048.0,1.21,-323044880.0,-5.37,-217667840.0,-3.62,467816672.0,7.78,光电股份
330,复合肥,-3.75,-257941557.0,-9.38,-75724645.0,-2.75,-182216912.0,-6.63,-387984.0,-0.01,232188128.0,8.44,ST司特
331,仪器仪表,-1.46,-260423392.0,-3.48,-145919168.0,-1.95,-114504224.0,-1.53,129566176.0,1.73,105679568.0,1.41,精测电子
332,通信服务,-1.32,-262323776.0,-1.46,-278924896.0,-1.55,16601120.0,0.09,111095296.0,0.62,136333056.0,0.76,数据港
333,食品及饲料添加剂,-1.67,-262689808.0,-6.29,-143822320.0,-3.45,-118867488.0,-2.85,-5802336.0,-0.14,267365104.0,6.41,亚香股份
334,园林工程,-2.67,-264135704.0,-8.16,-140320104.0,-4.33,-123815600.0,-3.82,56010736.0,1.73,208124960.0,6.43,诚邦股份
335,家居用品,-1.36,-265080620.0,-4.46,-174727580.0,-2.94,-90353040.0,-1.52,84847504.0,1.43,181749232.0,3.06,皮阿诺
336,服装家纺,-1.01,-271110720.0,-4.74,-51014768.0,-0.89,-220095952.0,-3.85,-118711568.0,-2.07,388951088.0,6.8,棒杰股份
337,装修装饰Ⅲ,-1.24,-271501598.0,-9.47,-125700254.0,-4.39,-145801344.0,-5.09,116173984.0,4.05,155327600.0,5.42,维业股份
338,装修装饰Ⅱ,-1.24,-271501598.0,-9.47,-125700254.0,-4.39,-145801344.0,-5.09,116173984.0,4.05,155327600.0,5.42,维业股份
339,焦煤,-5.09,-292067904.0,-5.8,-226671024.0,-4.5,-65396880.0,-1.3,142399792.0,2.83,149668112.0,2.97,辽宁能源
340,配电设备,-1.87,-294538736.0,-4.98,-140205056.0,-2.37,-154333680.0,-2.61,37978832.0,0.64,256105280.0,4.33,洛凯股份
341,光伏辅材,-3.52,-302494896.0,-5.7,-154386864.0,-2.91,-148108032.0,-2.79,68070224.0,1.28,229034496.0,4.32,安彩高科
342,其他通用设备,-0.79,-314910320.0,-2.09,-237340928.0,-1.57,-77569392.0,-0.51,244807424.0,1.62,69574912.0,0.46,昊志机电
343,食品饮料,-0.96,-316000256.0,-0.94,-250252032.0,-0.74,-65748224.0,-0.19,-153671936.0,-0.46,459267584.0,1.36,贵州茅台
344,通信线缆及配套,0.36,-321379072.0,-0.95,-573573120.0,-1.7,252194048.0,0.75,293608448.0,0.87,13086208.0,0.04,中天科技
345,油田服务,-2.76,-326549115.0,-10.65,-169574315.0,-5.53,-156974800.0,-5.12,-21269072.0,-0.69,294651472.0,9.61,仁智股份
346,电机Ⅱ,-1.61,-328152048.0,-5.51,-126632704.0,-2.13,-201519344.0,-3.38,74469200.0,1.25,254424864.0,4.27,神力股份
347,电机Ⅲ,-1.61,-328152048.0,-5.51,-126632704.0,-2.13,-201519344.0,-3.38,74469200.0,1.25,254424864.0,4.27,神力股份
348,医院,-1.6,-341288090.0,-9.28,-153324106.0,-4.17,-187963984.0,-5.11,37344688.0,1.01,303943392.0,8.26,光正眼科
349,其他化学原料,-3.04,-344106336.0,-7.16,-171189408.0,-3.56,-172916928.0,-3.6,-100588480.0,-2.09,429858320.0,8.95,恒光股份
350,种子,-4.31,-349162629.0,-10.25,-151941125.0,-4.46,-197221504.0,-5.79,53239392.0,1.56,283511408.0,8.32,万向德农
351,电动乘用车,-1.78,-349194992.0,-3.79,-204665856.0,-2.22,-144529136.0,-1.57,109607520.0,1.19,239587472.0,2.6,比亚迪
352,钢铁,-1.59,-365892336.0,-3.22,-95469440.0,-0.84,-270422896.0,-2.38,-100209888.0,-0.88,466102208.0,4.11,杭钢股份
353,氟化工,-2.21,-370988704.0,-9.81,-161548240.0,-4.27,-209440464.0,-5.54,5671328.0,0.15,365317392.0,9.66,金石资源
354,无机盐,-3.21,-372407662.0,-13.16,-244452318.0,-8.64,-127955344.0,-4.52,67545360.0,2.39,304862304.0,10.77,三祥新材
355,股份制银行Ⅲ,-0.21,-376630864.0,-3.55,-306499440.0,-2.89,-70131424.0,-0.66,39752384.0,0.37,336878464.0,3.18,浦发银行
356,工程咨询服务Ⅱ,-1.12,-379011136.0,-6.17,-120988496.0,-1.97,-258022640.0,-4.2,91397024.0,1.49,284686960.0,4.64,矩阵股份
357,工程咨询服务Ⅲ,-1.12,-379011136.0,-6.17,-120988496.0,-1.97,-258022640.0,-4.2,91397024.0,1.49,284686960.0,4.64,矩阵股份
358,氮肥,-5.84,-382788288.0,-9.4,-175189808.0,-4.3,-207598480.0,-5.1,-34470128.0,-0.85,417258400.0,10.25,赤天化
359,底盘与发动机系统,-0.71,-395531616.0,-1.64,-67343968.0,-0.28,-328187648.0,-1.36,117007360.0,0.48,293377536.0,1.21,襄阳轴承
360,油气及炼化工程,-3.82,-403396416.0,-10.15,-68116160.0,-1.71,-335280256.0,-8.44,-146925200.0,-3.7,550321600.0,13.85,惠博普
361,焦炭Ⅲ,-6.63,-405458864.0,-12.63,-170377952.0,-5.31,-235080912.0,-7.32,8791072.0,0.27,396667792.0,12.36,云煤能源
362,焦炭Ⅱ,-6.63,-405458864.0,-12.63,-170377952.0,-5.31,-235080912.0,-7.32,8791072.0,0.27,396667792.0,12.36,云煤能源
363,电能综合服务,-3.58,-406054384.0,-4.7,-211647616.0,-2.45,-194406768.0,-2.25,-123640784.0,-1.43,529695168.0,6.14,广西能源
364,被动元件,-2.3,-407706224.0,-5.32,-263197808.0,-3.44,-144508416.0,-1.89,71334336.0,0.93,343352448.0,4.48,高华科技
365,家电零部件Ⅱ,-0.28,-415913872.0,-3.66,-161593600.0,-1.42,-254320272.0,-2.24,179375648.0,1.58,237069104.0,2.09,春光科技
366,家电零部件Ⅲ,-0.28,-415913872.0,-3.66,-161593600.0,-1.42,-254320272.0,-2.24,179375648.0,1.58,237069104.0,2.09,春光科技
367,其他自动化设备,-1.64,-433082928.0,-6.32,-386784832.0,-5.64,-46298096.0,-0.68,183841344.0,2.68,249587440.0,3.64,田中精机
368,LED,-2.46,-440027136.0,-3.71,-187402688.0,-1.58,-252624448.0,-2.13,37099664.0,0.31,402927424.0,3.4,乾照光电
369,钾肥,-4.14,-443706672.0,-5.69,-344262112.0,-4.41,-99444560.0,-1.27,120127440.0,1.54,323579232.0,4.15,藏格矿业
370,汽车,-0.37,-446773504.0,-0.6,-26714368.0,-0.04,-420059136.0,-0.56,-69143808.0,-0.09,552994560.0,0.74,襄阳轴承
371,家用电器,-0.68,-458140176.0,-1.66,-178408464.0,-0.65,-279731712.0,-1.01,296484864.0,1.08,141988352.0,0.51,美的集团
372,玻纤制造,-2.58,-466364400.0,-7.02,-229929120.0,-3.46,-236435280.0,-3.56,149173792.0,2.24,317190608.0,4.77,九鼎新材
373,专用设备,-1.0,-482600976.0,-1.12,-289445392.0,-0.67,-193155584.0,-0.45,28962560.0,0.07,411067904.0,0.96,N泰金
374,铜,-0.76,-485614384.0,-2.14,-153536816.0,-0.68,-332077568.0,-1.46,79348480.0,0.35,406265856.0,1.79,盛屯矿业
375,纺织服饰,-0.96,-487014816.0,-4.68,-99636224.0,-0.96,-387378592.0,-3.72,-180961376.0,-1.74,667052272.0,6.4,聚杰微纤
376,环境治理,-2.15,-488677024.0,-2.93,-321572272.0,-1.93,-167104752.0,-1.0,444035072.0,2.67,43731200.0,0.26,高能环境
377,生猪养殖,-1.8,-493093024.0,-9.0,-323137184.0,-5.9,-169955840.0,-3.1,268153488.0,4.9,224939536.0,4.11,神农集团
378,锂电专用设备,-3.25,-494335920.0,-9.33,-260660336.0,-4.92,-233675584.0,-4.41,142932080.0,2.7,297240560.0,5.61,骄成超声
379,玻璃玻纤,-2.28,-512962752.0,-6.69,-256808896.0,-3.35,-256153856.0,-3.34,181371440.0,2.36,331591312.0,4.32,九鼎新材
380,专业工程,-1.62,-520174912.0,-2.98,-282619024.0,-1.62,-237555888.0,-1.36,155034624.0,0.89,357849856.0,2.05,北方国际
381,中药Ⅲ,-0.86,-530721760.0,-6.38,-281845312.0,-3.39,-248876448.0,-2.99,-38593328.0,-0.46,569305520.0,6.85,ST葫芦娃
382,中药Ⅱ,-0.86,-530721760.0,-6.38,-281845312.0,-3.39,-248876448.0,-2.99,-38593328.0,-0.46,569305520.0,6.85,ST葫芦娃
383,半导体材料,-3.55,-531430144.0,-5.77,-300743216.0,-3.27,-230686928.0,-2.51,150126704.0,1.63,358628096.0,3.9,天岳先进
384,其他专业工程,-2.17,-531434880.0,-4.08,-196468336.0,-1.51,-334966544.0,-2.57,122876960.0,0.94,402728688.0,3.09,中化岩土
385,养殖业,-2.26,-537764944.0,-8.38,-341744752.0,-5.33,-196020192.0,-3.05,289026352.0,4.5,248738592.0,3.88,仙坛股份
386,医疗器械,-0.94,-547488416.0,-2.5,-485018016.0,-2.21,-62470400.0,-0.29,308482304.0,1.41,202213376.0,0.92,英科医疗
387,游戏Ⅱ,-1.32,-559012112.0,-7.04,-235891536.0,-2.97,-323120576.0,-4.07,45609152.0,0.57,513402960.0,6.47,世纪华通
388,游戏Ⅲ,-1.32,-559012112.0,-7.04,-235891536.0,-2.97,-323120576.0,-4.07,45609152.0,0.57,513402960.0,6.47,世纪华通
389,其他化学制品,-2.21,-564102736.0,-4.99,-252420384.0,-2.23,-311682352.0,-2.76,49277632.0,0.44,491866400.0,4.35,百川股份
390,住宅开发,-1.04,-578039392.0,-6.08,-315477664.0,-3.32,-262561728.0,-2.76,165284304.0,1.74,412755072.0,4.34,三湘印象
391,电网自动化设备,-1.66,-582778784.0,-5.92,-275572352.0,-2.8,-307206432.0,-3.12,4307200.0,0.04,553157648.0,5.62,国电南自
392,集成电路封测,-2.85,-589544544.0,-7.93,-331856560.0,-4.46,-257687984.0,-3.47,46697264.0,0.63,540372816.0,7.27,利扬芯片
393,通信终端及配件,-2.46,-590281760.0,-6.45,-265954304.0,-2.91,-324327456.0,-3.55,281930384.0,3.08,297887696.0,3.26,移远通信
394,铝,-1.96,-619091552.0,-2.34,-165682784.0,-0.63,-453408768.0,-1.71,61232128.0,0.23,557859072.0,2.11,宜安科技
395,一般零售,-1.22,-621612576.0,-10.06,-288705904.0,-4.67,-332906672.0,-5.39,126907056.0,2.05,494705520.0,8.0,广百股份
396,环保,-2.09,-636641232.0,-2.96,-395285712.0,-1.84,-241355520.0,-1.12,549433856.0,2.56,85754368.0,0.4,高能环境
397,磷肥及磷化工,-3.4,-646091712.0,-9.44,-261986736.0,-3.83,-384104976.0,-5.61,4632896.0,0.07,641458832.0,9.38,宏达股份
398,体外诊断,-1.24,-663183184.0,-8.81,-609636048.0,-8.1,-53547136.0,-0.71,207542768.0,2.76,455076992.0,6.05,热景生物
399,航空装备Ⅱ,-1.04,-667033056.0,-3.36,-604494560.0,-3.05,-62538496.0,-0.32,-72658944.0,-0.37,740080384.0,3.73,航发动力
400,航空装备Ⅲ,-1.04,-667033056.0,-3.36,-604494560.0,-3.05,-62538496.0,-0.32,-72658944.0,-0.37,740080384.0,3.73,航发动力
401,建筑材料,-1.45,-671509552.0,-4.77,-336473008.0,-2.39,-335036544.0,-2.38,172142848.0,1.22,494122496.0,3.51,海螺水泥
402,种植业,-4.2,-680381104.0,-9.14,-322882080.0,-4.34,-357499024.0,-4.8,169465104.0,2.28,498504192.0,6.69,苏垦农发
403,铅锌,-2.39,-685584656.0,-10.44,-298131296.0,-4.54,-387453360.0,-5.9,20854976.0,0.32,661825136.0,10.08,华钰矿业
404,炼油化工,-1.58,-688183568.0,-11.77,-526049696.0,-9.0,-162133872.0,-2.77,116089168.0,1.99,572094384.0,9.78,东方盛虹
405,房地产,-1.09,-692486752.0,-5.11,-485241152.0,-3.58,-207245600.0,-1.53,238500432.0,1.76,453986304.0,3.35,三湘印象
406,房地产开发,-1.03,-695955632.0,-5.78,-481940864.0,-4.0,-214014768.0,-1.78,233145472.0,1.93,462810064.0,3.84,三湘印象
407,油气开采Ⅲ,-4.4,-707173712.0,-10.52,-392757520.0,-5.84,-314416192.0,-4.68,-15463184.0,-0.23,722636880.0,10.75,*ST新潮
408,油气开采Ⅱ,-4.4,-707173712.0,-10.52,-392757520.0,-5.84,-314416192.0,-4.68,-15463184.0,-0.23,722636880.0,10.75,*ST新潮
409,国防军工,-0.96,-709885440.0,-0.88,-519131648.0,-0.64,-190753792.0,-0.24,-352226304.0,-0.44,1057865984.0,1.31,中国卫星
410,基建市政工程,0.41,-717102032.0,-5.64,-166649328.0,-1.31,-550452704.0,-4.33,40400880.0,0.32,677694048.0,5.33,中铁工业
411,商贸零售,-1.08,-720716784.0,-4.81,-359494160.0,-2.4,-361222624.0,-2.41,190232064.0,1.27,530484736.0,3.54,南京商旅
412,军工电子Ⅱ,-1.14,-724883008.0,-2.22,-378113088.0,-1.16,-346769920.0,-1.06,28670464.0,0.09,691578368.0,2.12,上海瀚讯
413,军工电子Ⅲ,-1.14,-724883008.0,-2.22,-378113088.0,-1.16,-346769920.0,-1.06,28670464.0,0.09,691578368.0,2.12,上海瀚讯
414,油服工程,-3.22,-729945520.0,-10.37,-237690480.0,-3.38,-492255040.0,-6.99,-168194272.0,-2.39,844973088.0,12.0,仁智股份
415,小金属,-1.89,-740742928.0,-2.21,-658906384.0,-1.97,-81836544.0,-0.24,580248064.0,1.73,159385344.0,0.48,N盛龙
416,汽车零部件,-0.76,-741878464.0,-1.48,-423881664.0,-0.85,-317996800.0,-0.64,171662336.0,0.34,587082496.0,1.17,襄阳轴承
417,燃气Ⅱ,-3.0,-744753408.0,-9.51,-372404048.0,-4.76,-372349360.0,-4.76,-6293264.0,-0.08,721858640.0,9.22,胜通能源
418,燃气Ⅲ,-3.0,-744753408.0,-9.51,-372404048.0,-4.76,-372349360.0,-4.76,-6293264.0,-0.08,721858640.0,9.22,胜通能源
419,集成电路制造,-3.25,-781177792.0,-10.42,-387883792.0,-5.17,-393294000.0,-5.25,143942992.0,1.92,637234816.0,8.5,华润微
420,化学制剂,-0.7,-781946848.0,-2.34,-500896736.0,-1.5,-281050112.0,-0.84,-322203392.0,-0.96,1094135296.0,3.27,恒瑞医药
421,其他专用设备,-1.28,-800364704.0,-3.62,-578649504.0,-2.62,-221715200.0,-1.0,457118720.0,2.07,322485760.0,1.46,N泰金
422,机械设备,-0.73,-801912576.0,-0.55,-488676608.0,-0.33,-313235968.0,-0.21,421451008.0,0.29,335164928.0,0.23,巨力索具
423,光学元件,-2.51,-821744800.0,-8.61,-459072128.0,-4.81,-362672672.0,-3.8,590844272.0,6.19,217978496.0,2.28,光智科技
424,原料药,-0.49,-852725216.0,-7.05,-442127664.0,-3.65,-410597552.0,-3.39,63598112.0,0.53,787606080.0,6.51,奥锐特
425,光伏主材,-2.44,-863781792.0,-22.31,-533111888.0,-13.77,-330669904.0,-8.54,112644592.0,2.91,751137200.0,19.4,弘元绿能
426,钨,-2.74,-893655376.0,-11.27,-506475952.0,-6.38,-387179424.0,-4.88,29585488.0,0.37,864069888.0,10.89,翔鹭钨业
427,光伏加工设备,-2.8,-905928720.0,-10.38,-501940256.0,-5.75,-403988464.0,-4.63,70120064.0,0.8,836558848.0,9.59,高测股份
428,垂直应用软件,-1.72,-934200768.0,-3.65,-560456896.0,-2.19,-373743872.0,-1.46,172399872.0,0.67,741890304.0,2.9,品茗科技
429,风电零部件,-3.79,-946848208.0,-6.54,-585204208.0,-4.04,-361644000.0,-2.5,-26925568.0,-0.19,973773824.0,6.73,新强联
430,激光设备,-3.5,-960930960.0,-8.8,-708098016.0,-6.49,-252832944.0,-2.32,113886160.0,1.04,847044800.0,7.76,杰普特
431,面板,-2.45,-971051728.0,-8.12,-660363376.0,-5.52,-310688352.0,-2.6,313152816.0,2.62,655991616.0,5.49,凯盛科技
432,其他小金属,-2.37,-971152496.0,-6.17,-688505200.0,-4.38,-282647296.0,-1.8,118895360.0,0.76,851147760.0,5.41,贵研铂业
433,软件开发,-1.59,-980110752.0,-2.85,-575059872.0,-1.67,-405050880.0,-1.18,217141248.0,0.63,743059200.0,2.16,每日互动
434,基础建设,-0.83,-981237712.0,-6.15,-306969424.0,-1.92,-674268288.0,-4.23,96411648.0,0.6,885819136.0,5.55,中铁工业
435,其他电源设备Ⅲ,-2.67,-1007984992.0,-8.8,-503011488.0,-4.39,-504973504.0,-4.41,517992880.0,4.52,490086688.0,4.28,中远通
436,动力煤,-3.98,-1010405488.0,-10.19,-629672400.0,-6.35,-380733088.0,-3.84,130213104.0,1.31,880192384.0,8.88,昊华能源
437,半导体设备,-3.48,-1020114640.0,-6.25,-638618560.0,-3.91,-381496080.0,-2.34,730343168.0,4.48,289771408.0,1.78,华峰测控
438,航运,-2.26,-1058656016.0,-11.09,-634390352.0,-6.65,-424265664.0,-4.45,232739616.0,2.44,775872080.0,8.13,中谷物流
439,其他计算机设备,-1.16,-1060004128.0,-7.22,-452486336.0,-3.08,-607517792.0,-4.14,94191104.0,0.64,957419520.0,6.52,苏州科达
440,炼化及贸易,-1.87,-1086063120.0,-9.97,-807551408.0,-7.42,-278511712.0,-2.56,207353328.0,1.9,878709792.0,8.07,齐翔腾达
441,农林牧渔,-2.0,-1108611216.0,-4.07,-364246928.0,-1.34,-744364288.0,-2.73,182066944.0,0.67,901988608.0,3.31,平潭发展
442,煤化工,-3.95,-1118660752.0,-12.75,-806711008.0,-9.2,-311949744.0,-3.56,110064640.0,1.25,1008596112.0,11.5,华昌化工
443,电子化学品Ⅲ,-3.39,-1138546560.0,-7.54,-859443920.0,-5.69,-279102640.0,-1.85,534621440.0,3.54,601576528.0,3.98,国瓷材料
444,电子化学品Ⅱ,-3.39,-1138546560.0,-7.54,-859443920.0,-5.69,-279102640.0,-1.85,534621440.0,3.54,601576528.0,3.98,国瓷材料
445,航运港口,-1.39,-1191790992.0,-9.63,-691322144.0,-5.59,-500468848.0,-4.04,256545472.0,2.07,885201200.0,7.15,中谷物流
446,分立器件,-4.08,-1195799824.0,-8.42,-1304003600.0,-9.19,108203776.0,0.76,959993232.0,6.76,235806800.0,1.66,扬杰科技
447,计算机设备,-1.22,-1217151200.0,-6.68,-558398528.0,-3.06,-658752672.0,-3.61,251208704.0,1.38,941918464.0,5.17,苏州科达
448,火力发电,-2.36,-1226515696.0,-4.23,-666337776.0,-2.3,-560177920.0,-1.93,-146425856.0,-0.51,1372941824.0,4.74,深南电A
449,其他电源设备Ⅱ,-2.48,-1281121136.0,-8.75,-616545568.0,-4.21,-664575568.0,-4.54,564623872.0,3.86,716592016.0,4.89,中远通
450,煤炭开采,-4.41,-1302473392.0,-8.71,-856343424.0,-5.73,-446129968.0,-2.98,272612864.0,1.82,1029860400.0,6.89,辽宁能源
451,自动化设备,-1.47,-1366353872.0,-5.54,-1065956816.0,-4.32,-300397056.0,-1.22,429035776.0,1.74,912875776.0,3.7,杰普特
452,非银金融,-1.03,-1374909440.0,-3.69,-832910336.0,-2.23,-541999104.0,-1.45,295682304.0,0.79,1079226624.0,2.9,中国平安
453,风力发电,-3.86,-1401055872.0,-10.51,-851991904.0,-6.39,-549063968.0,-4.12,125765552.0,0.94,1275290304.0,9.57,中闽能源
454,交通运输,-0.86,-1404923904.0,-5.06,-834864128.0,-3.01,-570059776.0,-2.05,245463296.0,0.88,1107006976.0,3.99,顺丰控股
455,化学制品,-1.89,-1535414464.0,-5.05,-853449152.0,-2.81,-681965312.0,-2.24,166355968.0,0.55,1344772096.0,4.43,雪峰科技
456,其他电子Ⅱ,-3.51,-1555649296.0,-11.0,-808739600.0,-5.72,-746909696.0,-5.28,260459552.0,1.84,1295189728.0,9.15,久之洋
457,其他电子Ⅲ,-3.51,-1555649296.0,-11.0,-808739600.0,-5.72,-746909696.0,-5.28,260459552.0,1.84,1295189728.0,9.15,久之洋
458,风电整机,-2.98,-1564706672.0,-17.42,-1244192032.0,-13.85,-320514640.0,-3.57,236674800.0,2.63,1328031888.0,14.78,运达股份
459,锂,-3.93,-1598932544.0,-7.45,-792615744.0,-3.69,-806316800.0,-3.76,18756864.0,0.09,1580175616.0,7.36,中矿资源
460,证券Ⅱ,-0.88,-1615298560.0,-7.77,-922930432.0,-4.44,-692368128.0,-3.33,552973056.0,2.66,1062325504.0,5.11,国泰海通
461,证券Ⅲ,-0.88,-1615298560.0,-7.77,-922930432.0,-4.44,-692368128.0,-3.33,552973056.0,2.66,1062325504.0,5.11,国泰海通
462,化学制药,-0.64,-1634671920.0,-3.59,-943024432.0,-2.07,-691647488.0,-1.52,-258605312.0,-0.57,1881741312.0,4.13,恒瑞医药
463,煤炭,-4.88,-1707932256.0,-9.41,-1026721360.0,-5.65,-681210896.0,-3.75,281403904.0,1.55,1426528256.0,7.86,辽宁能源
464,工业金属,-1.7,-1790290688.0,-3.21,-617350912.0,-1.11,-1172939776.0,-2.1,161435904.0,0.29,1625950464.0,2.92,盛屯矿业
465,能源金属,-3.41,-1858300768.0,-7.55,-925635168.0,-3.76,-932665600.0,-3.79,79253504.0,0.32,1779047424.0,7.23,中矿资源
466,印制电路板,-2.61,-1886441728.0,-4.92,-945694464.0,-2.46,-940747264.0,-2.45,295920640.0,0.77,1574555392.0,4.1,东山精密
467,农化制品,-3.34,-1975925344.0,-7.4,-1012257120.0,-3.79,-963668224.0,-3.61,238401792.0,0.89,1700382464.0,6.37,宏达股份
468,逆变器,-3.68,-2049572256.0,-10.54,-1460710304.0,-7.51,-588861952.0,-3.03,410811648.0,2.11,1638760544.0,8.43,德业股份
469,光伏电池组件,-2.85,-2097133472.0,-9.09,-971076000.0,-4.21,-1126057472.0,-4.88,342612480.0,1.49,1746830592.0,7.57,钧达股份
470,IT服务Ⅱ,-1.44,-2172936544.0,-4.81,-944924512.0,-2.09,-1228012032.0,-2.72,382480384.0,0.85,1786549248.0,3.95,海量数据
471,IT服务Ⅲ,-1.44,-2172936544.0,-4.81,-944924512.0,-2.09,-1228012032.0,-2.72,382480384.0,0.85,1786549248.0,3.95,海量数据
472,建筑装饰,-1.12,-2215467264.0,-4.87,-877684736.0,-1.93,-1337782528.0,-2.94,415388672.0,0.91,1790853888.0,3.94,中铁工业
473,光学光电子,-2.47,-2232823776.0,-6.69,-1306838240.0,-3.92,-925985536.0,-2.78,941096704.0,2.82,1276897536.0,3.83,乾照光电
474,医药生物,-0.59,-2265338624.0,-1.9,-1068388864.0,-0.9,-1196949760.0,-1.0,-690510336.0,-0.58,2884547840.0,2.42,药明康德
475,化学原料,-3.08,-2283395648.0,-10.26,-1479654720.0,-6.65,-803740928.0,-3.61,32793600.0,0.15,2235765248.0,10.04,航锦科技
476,元件,-2.52,-2294148096.0,-4.98,-1208892160.0,-2.63,-1085255936.0,-2.36,367255040.0,0.8,1917907712.0,4.17,东山精密
477,输变电设备,-2.45,-2321236496.0,-12.86,-1345203248.0,-7.45,-976033248.0,-5.41,-12280320.0,-0.07,2318629120.0,12.85,宝光股份
478,风电设备,-3.66,-2511554832.0,-10.71,-1829396240.0,-7.8,-682158592.0,-2.91,209748992.0,0.89,2301805824.0,9.81,新强联
479,石油石化,-2.5,-2523182400.0,-10.24,-1437999424.0,-5.83,-1085182976.0,-4.4,23695872.0,0.1,2446319872.0,9.92,齐翔腾达
480,电网设备,-1.57,-3003280384.0,-5.21,-1532734464.0,-2.66,-1470545920.0,-2.55,284035328.0,0.49,2652794880.0,4.6,新能泰山
481,有色金属,-1.5,-3555551232.0,-2.42,-1838600192.0,-1.25,-1716951040.0,-1.17,1293664256.0,0.88,2251493120.0,1.53,N盛龙
482,锂电池,-3.45,-3675683328.0,-8.76,-2328816128.0,-5.55,-1346867200.0,-3.21,718219520.0,1.71,2912396544.0,6.94,鹏辉能源
483,电力,-2.46,-3691893504.0,-4.42,-1314020096.0,-1.57,-2377873408.0,-2.85,-812857600.0,-0.97,4504751360.0,5.4,拓日新能
484,计算机,-1.44,-4370198272.0,-4.47,-2078382848.0,-2.12,-2291815424.0,-2.34,850830336.0,0.87,3471526912.0,3.55,每日互动
485,公用事业,-2.58,-4436646912.0,-4.86,-1686424320.0,-1.85,-2750222592.0,-3.01,-819150848.0,-0.9,5226609920.0,5.73,拓日新能
486,电池化学品,-4.15,-5005503104.0,-12.52,-2746939008.0,-6.87,-2258564096.0,-5.65,925426432.0,2.32,4002442496.0,10.01,ST帕瓦
487,基础化工,-2.21,-5946672384.0,-5.49,-2868984576.0,-2.65,-3077687808.0,-2.84,204698624.0,0.19,5535651584.0,5.11,神剑股份
488,光伏设备,-3.15,-6422488576.0,-10.26,-3740915968.0,-5.97,-2681572608.0,-4.28,1030349312.0,1.65,5379809024.0,8.59,德业股份
489,通信网络设备及器件,-2.87,-6779920384.0,-8.79,-5128084480.0,-6.65,-1651835904.0,-2.14,4493769216.0,5.83,2121078528.0,2.75,烽火通信
490,数字芯片设计,-2.51,-7145093376.0,-9.67,-5167813120.0,-6.99,-1977280256.0,-2.68,4044736768.0,5.47,3100356352.0,4.19,思特威-W
491,通信设备,-1.95,-7698407936.0,-6.29,-5922160896.0,-4.84,-1776247040.0,-1.45,5059606016.0,4.14,2449287424.0,2.0,中天科技
492,通信,-1.76,-7960731648.0,-5.67,-6201085696.0,-4.42,-1759645952.0,-1.25,5170701312.0,3.68,2585620736.0,1.84,中天科技
493,电池,-3.51,-9049206016.0,-9.9,-5136125440.0,-5.62,-3913080576.0,-4.28,1689272320.0,1.85,7177539328.0,7.85,圣阳股份
494,半导体,-3.01,-11284565248.0,-8.08,-8267979264.0,-5.92,-3016585984.0,-2.16,6136488704.0,4.39,5122926592.0,3.67,臻镭科技
495,电子,-2.56,-16966620160.0,-5.57,-10961335296.0,-3.6,-6005284864.0,-1.97,7557935104.0,2.48,9345747456.0,3.07,工业富联
496,电力设备,-2.58,-22595803648.0,-8.84,-12982350592.0,-5.08,-9613453056.0,-3.76,3852496896.0,1.51,18482965504.0,7.23,圣阳股份
